{"cameraMode":{"drawMode":0,"name":"Shaded","section":"Shading Mode"},"sceneLighting":true,"audioPlay":false,"sceneViewState":{"showFog":true,"showMaterialUpdate":true,"showSkybox":true,"showFlares":true,"showImageEffects":true,"showParticleSystems":true},"in2DMode":false,"pivot":{"x":-42.09142303466797,"y":-32.39965057373047,"z":10.921875953674317},"rotation":{"x":0.21989357471466065,"y":-0.6926069855690002,"z":0.2361028790473938,"w":0.6452126502990723},"size":67.23025512695313,"orthographic":false}