{"cameraMode":{"drawMode":0,"name":"Shaded","section":"Shading Mode"},"sceneLighting":false,"audioPlay":false,"sceneViewState":{"showFog":true,"showMaterialUpdate":true,"showSkybox":false,"showFlares":true,"showImageEffects":true,"showParticleSystems":true},"in2DMode":false,"pivot":{"x":-15.583553314208985,"y":6.417529106140137,"z":-16.54830551147461},"rotation":{"x":0.3140140473842621,"y":-0.02135968767106533,"z":0.007070533465594053,"w":0.9491584300994873},"size":105.1335220336914,"orthographic":false}