{"cameraMode":{"drawMode":0,"name":"Shaded","section":"Shading Mode"},"sceneLighting":false,"audioPlay":false,"sceneViewState":{"showFog":true,"showMaterialUpdate":true,"showSkybox":false,"showFlares":true,"showImageEffects":true,"showParticleSystems":true},"in2DMode":false,"pivot":{"x":0.002858400344848633,"y":0.0,"z":-0.08376753330230713},"rotation":{"x":0.002101931720972061,"y":-0.9882275462150574,"z":0.15238931775093079,"w":0.013633559457957745},"size":11.347855567932129,"orthographic":false}