{"cameraMode":{"drawMode":0,"name":"Shaded","section":"Shading Mode"},"sceneLighting":false,"audioPlay":false,"sceneViewState":{"showFog":true,"showMaterialUpdate":true,"showSkybox":false,"showFlares":true,"showImageEffects":true,"showParticleSystems":true},"in2DMode":false,"pivot":{"x":0.8540921807289124,"y":-1.7734990119934083,"z":8.141863822937012},"rotation":{"x":0.21187932789325715,"y":0.09365492314100266,"z":-0.02040473371744156,"w":0.9725899696350098},"size":11.033618927001954,"orthographic":false}