{"cameraMode":{"drawMode":0,"name":"Shaded","section":"Shading Mode"},"sceneLighting":true,"audioPlay":false,"sceneViewState":{"showFog":true,"showMaterialUpdate":true,"showSkybox":true,"showFlares":true,"showImageEffects":true,"showParticleSystems":true},"in2DMode":false,"pivot":{"x":18.742162704467775,"y":-4.8461761474609379,"z":12.582602500915528},"rotation":{"x":-0.1496293693780899,"y":-0.5077632665634155,"z":0.09000026434659958,"w":-0.8436728119850159},"size":26.52079963684082,"orthographic":false}