{"cameraMode":{"drawMode":0,"name":"Shaded","section":"Shading Mode"},"sceneLighting":true,"audioPlay":false,"sceneViewState":{"showFog":true,"showMaterialUpdate":true,"showSkybox":true,"showFlares":true,"showImageEffects":true,"showParticleSystems":true},"in2DMode":false,"pivot":{"x":-3.329749822616577,"y":-16.270231246948243,"z":-17.875988006591798},"rotation":{"x":-0.02381352335214615,"y":0.9186223149299622,"z":-0.39055562019348147,"w":-0.055998433381319049},"size":30.29344940185547,"orthographic":false}