{"cameraMode":{"drawMode":0,"name":"Shaded","section":"Shading Mode"},"sceneLighting":false,"audioPlay":false,"sceneViewState":{"showFog":true,"showMaterialUpdate":true,"showSkybox":false,"showFlares":true,"showImageEffects":true,"showParticleSystems":true},"in2DMode":false,"pivot":{"x":3.266437530517578,"y":-23.663373947143556,"z":-37.18909454345703},"rotation":{"x":-0.014457383193075657,"y":0.9546290636062622,"z":-0.2937341034412384,"w":-0.047009143978357318},"size":62.143409729003909,"orthographic":false}