{"cameraMode":{"drawMode":0,"name":"Shaded","section":"Shading Mode"},"sceneLighting":false,"audioPlay":false,"sceneViewState":{"showFog":true,"showMaterialUpdate":true,"showSkybox":true,"showFlares":true,"showImageEffects":true,"showParticleSystems":true},"in2DMode":false,"pivot":{"x":1.369826078414917,"y":0.3390730917453766,"z":-1.8541054725646973},"rotation":{"x":0.04765820503234863,"y":0.11600011587142945,"z":-0.005572707392275333,"w":0.9920895099639893},"size":4.206691265106201,"orthographic":false}