{"cameraMode":{"drawMode":0,"name":"Shaded","section":"Shading Mode"},"sceneLighting":false,"audioPlay":false,"sceneViewState":{"showFog":true,"showMaterialUpdate":true,"showSkybox":false,"showFlares":true,"showImageEffects":true,"showParticleSystems":true},"in2DMode":false,"pivot":{"x":3.8275294303894045,"y":-4.533730983734131,"z":4.912762641906738},"rotation":{"x":0.3386100232601166,"y":0.29212576150894167,"z":-0.11146261543035507,"w":0.8874646425247192},"size":11.033618927001954,"orthographic":false}