{"cameraMode":{"drawMode":0,"name":"Shaded","section":"Shading Mode"},"sceneLighting":false,"audioPlay":false,"sceneViewState":{"showFog":true,"showMaterialUpdate":true,"showSkybox":false,"showFlares":true,"showImageEffects":true,"showParticleSystems":true},"in2DMode":false,"pivot":{"x":2.7600672245025636,"y":1.699347972869873,"z":1.013143539428711},"rotation":{"x":-0.1317613422870636,"y":0.04963819682598114,"z":-0.006618130952119827,"w":-0.9900500774383545},"size":22.0,"orthographic":false}