{"cameraMode":{"drawMode":0,"name":"Shaded","section":"Shading Mode"},"sceneLighting":false,"audioPlay":false,"sceneViewState":{"showFog":true,"showMaterialUpdate":true,"showSkybox":false,"showFlares":true,"showImageEffects":true,"showParticleSystems":true},"in2DMode":false,"pivot":{"x":0.46349993348121645,"y":0.9309536218643189,"z":0.687132716178894},"rotation":{"x":-0.13795533776283265,"y":0.621156632900238,"z":-0.11226648092269898,"w":-0.7632823586463928},"size":3.5001797676086427,"orthographic":false}