{"cameraMode":{"drawMode":0,"name":"Shaded","section":"Shading Mode"},"sceneLighting":false,"audioPlay":false,"sceneViewState":{"showFog":true,"showMaterialUpdate":true,"showSkybox":false,"showFlares":true,"showImageEffects":true,"showParticleSystems":true},"in2DMode":false,"pivot":{"x":-0.04302406311035156,"y":2.1978466510772707,"z":0.6190700531005859},"rotation":{"x":0.1461678445339203,"y":-0.773410975933075,"z":0.1929609477519989,"w":0.585873544216156},"size":43.56834030151367,"orthographic":false}